,0
0,Xiaomi_M2101K6G_0_0.jpg
1,Xiaomi_M2101K6G_0_1.jpg
2,Xiaomi_M2101K6G_0_2.jpg
3,Xiaomi_M2101K6G_0_3.jpg
4,Xiaomi_M2101K6G_1_0.jpg
5,Xiaomi_M2101K6G_1_1.jpg
6,Xiaomi_M2101K6G_1_2.jpg
7,Xiaomi_M2101K6G_1_3.jpg
8,Xiaomi_M2101K6G_2_0.jpg
9,Xiaomi_M2101K6G_2_1.jpg
10,Xiaomi_M2101K6G_2_2.jpg
11,Xiaomi_M2101K6G_2_3.jpg
12,apple_iPhone12_0_0.jpg
13,apple_iPhone12_0_1.jpg
14,apple_iPhone12_0_2.jpg
15,apple_iPhone12_0_3.jpg
16,apple_iPhone12_0_4.jpg
17,apple_iPhone12_1_0.jpg
18,apple_iPhone12_1_1.jpg
19,apple_iPhone12_1_2.jpg
20,apple_iPhone12_1_3.jpg
21,apple_iPhone12_2_0.jpg
22,apple_iPhone12_2_1.jpg
23,apple_iPhone12_2_2.jpg
24,apple_iPhone12_2_3.jpg
25,apple_iPhone12mini_0_0.jpg
26,apple_iPhone12mini_0_1.jpg
27,apple_iPhone12mini_0_2.jpg
28,apple_iPhone12mini_0_3.jpg
29,apple_iPhone12mini_1_0.jpg
30,apple_iPhone12mini_1_1.jpg
31,apple_iPhone12mini_1_2.jpg
32,apple_iPhone12mini_1_3.jpg
33,apple_iPhone12mini_2_0.jpg
34,apple_iPhone12mini_2_1.jpg
35,apple_iPhone12mini_2_2.jpg
36,apple_iPhone12mini_2_3.jpg
37,apple_iPhone12mini_2_4.jpg
38,apple_iPhone13_0_0.jpg
39,apple_iPhone13_0_1.jpg
40,apple_iPhone13_0_2.jpg
41,apple_iPhone13_1_0.jpg
42,apple_iPhone13_1_1.jpg
43,apple_iPhone13_1_2.jpg
44,apple_iPhone13_1_3.jpg
45,apple_iPhone13_2_0.jpg
46,apple_iPhone13_2_1.jpg
47,apple_iPhone13_2_2.jpg
48,apple_iPhone13_2_3.jpg
49,apple_iPhone8_0_0.jpg
50,apple_iPhone8_0_1.jpg
51,apple_iPhone8_0_2.jpg
52,apple_iPhone8_0_3.jpg
53,apple_iPhone8_0_4.jpg
54,apple_iPhone8_1_0.jpg
55,apple_iPhone8_1_1.jpg
56,apple_iPhone8_1_2.jpg
57,apple_iPhone8_1_3.jpg
58,apple_iPhone8_2_0.jpg
59,apple_iPhone8_2_1.jpg
60,apple_iPhone8_2_2.jpg
61,apple_iPhone8_2_3.jpg
62,apple_iPhone8_2_4.jpg
63,google_pixel6_0_0.jpg
64,google_pixel6_0_1.jpg
65,google_pixel6_0_2.jpg
66,google_pixel6_0_3.jpg
67,google_pixel6_1_0.jpg
68,google_pixel6_1_1.jpg
69,google_pixel6_1_2.jpg
70,google_pixel6_1_3.jpg
71,google_pixel6_2_0.jpg
72,google_pixel6_2_1.jpg
73,google_pixel6_2_2.jpg
74,google_pixel6_2_3.jpg
75,google_pixel6a_0_0.jpg
76,google_pixel6a_0_1.jpg
77,google_pixel6a_0_2.jpg
78,google_pixel6a_1_0.jpg
79,google_pixel6a_1_1.jpg
80,google_pixel6a_1_2.jpg
81,google_pixel6a_1_3.jpg
82,google_pixel6a_2_0.jpg
83,google_pixel6a_2_1.jpg
84,google_pixel6a_2_2.jpg
85,google_pixel6a_2_3.jpg
86,sumsung_SM-G991B_0_0.jpg
87,sumsung_SM-G991B_0_1.jpg
88,sumsung_SM-G991B_0_2.jpg
89,sumsung_SM-G991B_0_3.jpg
90,sumsung_SM-G991B_1_0.jpg
91,sumsung_SM-G991B_1_1.jpg
92,sumsung_SM-G991B_1_2.jpg
93,sumsung_SM-G991B_1_3.jpg
94,sumsung_SM-G991B_2_0.jpg
95,sumsung_SM-G991B_2_1.jpg
96,sumsung_SM-G991B_2_2.jpg
97,sumsung_SM-G991B_2_3.jpg
98,sumsung_SM-G998B_0_0.jpg
99,sumsung_SM-G998B_0_1.jpg
100,sumsung_SM-G998B_0_2.jpg
101,sumsung_SM-G998B_0_3.jpg
102,sumsung_SM-G998B_1_0.jpg
103,sumsung_SM-G998B_1_1.jpg
104,sumsung_SM-G998B_1_2.jpg
105,sumsung_SM-G998B_1_3.jpg
106,sumsung_SM-G998B_2_0.jpg
107,sumsung_SM-G998B_2_1.jpg
108,sumsung_SM-G998B_2_2.jpg
109,sumsung_SM-G998B_2_3.jpg
